0143,Daviditto,Matthew,null,null,null,null,null
3256,Jim,Jimminy,null,null,null,null,null
9889,Bobby,ybboB,null,null,null,null,null
7462,Josephine,Clark,null,null,null,null,null
6327,Cantthink,Ofmoore,null,null,null,null,null
0143,Daviditto,Matthew,null,null,null,null,null
3256,Jim,Jimminy,null,null,null,null,null
9889,Bobby,ybboB,null,null,null,null,null
7462,Josephine,Clark,null,null,null,null,null
6327,Cantthink,Ofmoore,null,null,null,null,null
0143,Daviditto,Matthew,null,null,null,null,null
3256,Jim,Jimminy,null,null,null,null,null
9889,Bobby,ybboB,null,null,null,null,null
7462,Josephine,Clark,null,null,null,null,null
6327,Cantthink,Ofmoore,null,null,null,null,null
0143,Daviditto,Matthew,null,null,null,null,null
3256,Jim,Jimminy,null,null,null,null,null
9889,Bobby,ybboB,null,null,null,null,null
7462,Josephine,Clark,null,null,null,null,null
6327,Cantthink,Ofmoore,null,null,null,null,null
0143,Daviditto,Matthew,null,null,null,null,null
3256,Jim,Jimminy,null,null,null,null,null
9889,Bobby,ybboB,null,null,null,null,null
7462,Josephine,Clark,null,null,null,null,null
6327,Cantthink,Ofmoore,null,null,null,null,null
0143,Daviditto,Matthew,null,null,null,null,null
3256,Jim,Jimminy,null,null,null,null,null
9889,Bobby,ybboB,null,null,null,null,null
7462,Josephine,Clark,null,null,null,null,null
6327,Cantthink,Ofmoore,null,null,null,null,null
